{"loss": 3662.974853515625, "l2_loss": 1340.796630859375, "l1_loss": 2322.17822265625, "_timestamp": 1712015936.5569596, "_runtime": 8.824288606643677, "_step": 0}