{"loss": 3662.974853515625, "l2_loss": 1340.796630859375, "l1_loss": 2322.17822265625, "_timestamp": 1712015846.412035, "_runtime": 9.152684926986694, "_step": 0}